{
    "('auroc', 'mean')":{
        "amax{}":0.7142647006,
        "amin{}":0.8610820303,
        "cumulative_average{'k': 1}":0.8610820303,
        "cumulative_average{'k': 2}":0.8650310596,
        "cumulative_average{'k': 3}":0.8436339818,
        "exponential_moving_average{'alpha': 0.2}":0.8008365437,
        "exponential_moving_average{'alpha': 0.4}":0.8454461034,
        "exponential_moving_average{'alpha': 0.5}":0.8579959813,
        "exponential_moving_average{'alpha': 0.6}":0.8641662192,
        "exponential_moving_average{'alpha': 0.8}":0.8650044046,
        "log_transform_pooling{'weights': 1, 'biases': 0}":0.8596084973,
        "mean{}":0.8436339818,
        "median{}":0.8136345574,
        "simple_moving_average{'k': 1}":0.8436339818,
        "simple_moving_average{'k': 2}":0.8421463583,
        "simple_moving_average{'k': 3}":0.8436339818,
        "softmin_pooling{'temperature': 0.01}":0.8604357272,
        "softmin_pooling{'temperature': 0.1}":0.8654887428,
        "softmin_pooling{'temperature': 100}":0.843848161,
        "softmin_pooling{'temperature': 10}":0.8455566004,
        "softmin_pooling{'temperature': 1}":0.8602727205,
        "weighted_cumulative_average{'weights': 0.3333333333333333}":0.8659454408,
        "weighted_cumulative_average{'weights': None}":0.8649174679
    },
    "('lift_at_100', 'mean')":{
        "amax{}":2.217705488,
        "amin{}":2.8972260142,
        "cumulative_average{'k': 1}":2.8972260142,
        "cumulative_average{'k': 2}":2.8544871571,
        "cumulative_average{'k': 3}":2.7092455591,
        "exponential_moving_average{'alpha': 0.2}":2.5489859779,
        "exponential_moving_average{'alpha': 0.4}":2.7250443312,
        "exponential_moving_average{'alpha': 0.5}":2.8121653786,
        "exponential_moving_average{'alpha': 0.6}":2.8763637612,
        "exponential_moving_average{'alpha': 0.8}":2.9020452512,
        "log_transform_pooling{'weights': 1, 'biases': 0}":2.8113964284,
        "mean{}":2.7092455591,
        "median{}":2.6070514397,
        "simple_moving_average{'k': 1}":2.7092455591,
        "simple_moving_average{'k': 2}":2.7309458707,
        "simple_moving_average{'k': 3}":2.7092455591,
        "softmin_pooling{'temperature': 0.01}":2.8912387811,
        "softmin_pooling{'temperature': 0.1}":2.902755447,
        "softmin_pooling{'temperature': 100}":2.7083808574,
        "softmin_pooling{'temperature': 10}":2.7144465958,
        "softmin_pooling{'temperature': 1}":2.7981855108,
        "weighted_cumulative_average{'weights': 0.3333333333333333}":2.8747759029,
        "weighted_cumulative_average{'weights': None}":2.90047066
    },
    "('lift_at_num_errors', 'mean')":{
        "amax{}":1.7590829593,
        "amin{}":2.3168024242,
        "cumulative_average{'k': 1}":2.3168024242,
        "cumulative_average{'k': 2}":2.2606375576,
        "cumulative_average{'k': 3}":2.1960464795,
        "exponential_moving_average{'alpha': 0.2}":1.9960876173,
        "exponential_moving_average{'alpha': 0.4}":2.1981094749,
        "exponential_moving_average{'alpha': 0.5}":2.2350892177,
        "exponential_moving_average{'alpha': 0.6}":2.2943328613,
        "exponential_moving_average{'alpha': 0.8}":2.3249548101,
        "log_transform_pooling{'weights': 1, 'biases': 0}":2.265256689,
        "mean{}":2.1960464795,
        "median{}":2.0924652047,
        "simple_moving_average{'k': 1}":2.1960464795,
        "simple_moving_average{'k': 2}":2.1919392497,
        "simple_moving_average{'k': 3}":2.1960464795,
        "softmin_pooling{'temperature': 0.01}":2.3132075815,
        "softmin_pooling{'temperature': 0.1}":2.3455214646,
        "softmin_pooling{'temperature': 100}":2.1960464795,
        "softmin_pooling{'temperature': 10}":2.2074314925,
        "softmin_pooling{'temperature': 1}":2.2625050513,
        "weighted_cumulative_average{'weights': 0.3333333333333333}":2.2987466774,
        "weighted_cumulative_average{'weights': None}":2.3274883384
    },
    "('auprc', 'mean')":{
        "amax{}":0.6094993694,
        "amin{}":0.796352371,
        "cumulative_average{'k': 1}":0.796352371,
        "cumulative_average{'k': 2}":0.7944890213,
        "cumulative_average{'k': 3}":0.7614026451,
        "exponential_moving_average{'alpha': 0.2}":0.6992843466,
        "exponential_moving_average{'alpha': 0.4}":0.7610948649,
        "exponential_moving_average{'alpha': 0.5}":0.7856142736,
        "exponential_moving_average{'alpha': 0.6}":0.798484706,
        "exponential_moving_average{'alpha': 0.8}":0.802011508,
        "log_transform_pooling{'weights': 1, 'biases': 0}":0.7884406964,
        "mean{}":0.7614026451,
        "median{}":0.7369585697,
        "simple_moving_average{'k': 1}":0.7614026451,
        "simple_moving_average{'k': 2}":0.7652203659,
        "simple_moving_average{'k': 3}":0.7614026451,
        "softmin_pooling{'temperature': 0.01}":0.7954698165,
        "softmin_pooling{'temperature': 0.1}":0.7964319955,
        "softmin_pooling{'temperature': 100}":0.7617575108,
        "softmin_pooling{'temperature': 10}":0.7646896109,
        "softmin_pooling{'temperature': 1}":0.7887496732,
        "weighted_cumulative_average{'weights': 0.3333333333333333}":0.8005054503,
        "weighted_cumulative_average{'weights': None}":0.8018351537
    },
    "('ap_at_100', 'mean')":{
        "amax{}":0.8519816174,
        "amin{}":0.9629028444,
        "cumulative_average{'k': 1}":0.9629028444,
        "cumulative_average{'k': 2}":0.9700661997,
        "cumulative_average{'k': 3}":0.9502514272,
        "exponential_moving_average{'alpha': 0.2}":0.8936708626,
        "exponential_moving_average{'alpha': 0.4}":0.9440366647,
        "exponential_moving_average{'alpha': 0.5}":0.9703745315,
        "exponential_moving_average{'alpha': 0.6}":0.9752558458,
        "exponential_moving_average{'alpha': 0.8}":0.9713819056,
        "log_transform_pooling{'weights': 1, 'biases': 0}":0.975312391,
        "mean{}":0.9502514272,
        "median{}":0.9552277998,
        "simple_moving_average{'k': 1}":0.9502514272,
        "simple_moving_average{'k': 2}":0.9638569711,
        "simple_moving_average{'k': 3}":0.9502514272,
        "softmin_pooling{'temperature': 0.01}":0.9626572477,
        "softmin_pooling{'temperature': 0.1}":0.9542784474,
        "softmin_pooling{'temperature': 100}":0.9505217496,
        "softmin_pooling{'temperature': 10}":0.9549604826,
        "softmin_pooling{'temperature': 1}":0.9752375433,
        "weighted_cumulative_average{'weights': 0.3333333333333333}":0.9753740417,
        "weighted_cumulative_average{'weights': None}":0.9707350437
    },
    "('ap_at_num_errors', 'mean')":{
        "amax{}":0.771051156,
        "amin{}":0.917256887,
        "cumulative_average{'k': 1}":0.917256887,
        "cumulative_average{'k': 2}":0.920289022,
        "cumulative_average{'k': 3}":0.8895774408,
        "exponential_moving_average{'alpha': 0.2}":0.8376858582,
        "exponential_moving_average{'alpha': 0.4}":0.8882171179,
        "exponential_moving_average{'alpha': 0.5}":0.9154821901,
        "exponential_moving_average{'alpha': 0.6}":0.9244295031,
        "exponential_moving_average{'alpha': 0.8}":0.9248284642,
        "log_transform_pooling{'weights': 1, 'biases': 0}":0.9137087987,
        "mean{}":0.8895774408,
        "median{}":0.8831271104,
        "simple_moving_average{'k': 1}":0.8895774408,
        "simple_moving_average{'k': 2}":0.897430102,
        "simple_moving_average{'k': 3}":0.8895774408,
        "softmin_pooling{'temperature': 0.01}":0.9170229134,
        "softmin_pooling{'temperature': 0.1}":0.9085694257,
        "softmin_pooling{'temperature': 100}":0.8899941445,
        "softmin_pooling{'temperature': 10}":0.8923360952,
        "softmin_pooling{'temperature': 1}":0.9135968265,
        "weighted_cumulative_average{'weights': 0.3333333333333333}":0.9254785179,
        "weighted_cumulative_average{'weights': None}":0.9243292991
    }
}